{
  "atom_chain_ids": ["A","A","A","A","A","A","A","A","A","A","A","A","A","A","A","A","A","A","A","A","A","A","A","A","A","A","A","A","A","A","A","A","A","A","A","A","A","A","A","A","A"],
  "atom_plddts": [96.21,96.22,97.26,95.83,95.85,96.26,97.2,95.78,95.58,92.75,90.14,90.08,97.61,97.59,97.8,96.7,97.1,95.28,92.06,91.11,98.0,97.9,97.91,97.2,97.31,95.38,93.46,90.96,86.48,97.62,97.05,96.36,93.36,95.38,93.12,91.41,89.5,89.2,85.9,83.85,85.8],
  "contact_probs": [[1.0,1.0,0.96,0.14,0.08],[1.0,1.0,1.0,0.84,0.05],[0.96,1.0,1.0,1.0,0.91],[0.14,0.84,1.0,1.0,1.0],[0.08,0.05,0.91,1.0,1.0]],
  "pae": [[0.8,1.2,1.6,2.0,2.3],[0.9,0.8,0.9,1.3,2.1],[1.4,0.9,0.8,1.0,1.5],[1.7,1.3,1.1,0.8,1.2],[1.9,1.6,1.3,1.2,0.8]],
  "token_chain_ids": ["A","A","A","A","A"],
  "token_res_ids": [1,2,3,4,5]
}