{
  "atom_chain_ids": ["A","A","A","A","A","A","A","A","A","A","A","A","A","A","A","A","A","A","A","A","A","A","A","A","A","A","A","A","A","A","A","A","A","A","A","A","A","A","A","A","A"],
  "atom_plddts": [96.79,96.87,97.66,96.43,96.01,96.45,97.32,95.79,95.76,92.78,90.02,89.92,97.84,97.88,97.98,96.89,97.66,96.2,93.28,92.78,97.72,97.55,97.47,96.5,96.97,95.25,93.42,91.1,86.89,98.0,97.61,96.9,93.92,96.46,94.47,92.79,90.72,90.52,87.59,85.42,87.86],
  "contact_probs": [[1.0,1.0,0.96,0.14,0.08],[1.0,1.0,1.0,0.84,0.05],[0.96,1.0,1.0,1.0,0.91],[0.14,0.84,1.0,1.0,1.0],[0.08,0.05,0.91,1.0,1.0]],
  "pae": [[0.8,1.1,1.4,1.8,2.3],[0.8,0.8,1.0,1.3,1.7],[1.3,0.9,0.8,0.9,1.2],[1.6,1.1,0.9,0.8,1.0],[2.0,1.5,1.2,0.9,0.8]],
  "token_chain_ids": ["A","A","A","A","A"],
  "token_res_ids": [1,2,3,4,5]
}