{
  "atom_chain_ids": ["A","A","A","A","A","A","A","A","A","A","A","A","A","A","A","A","A","A","A","A","A","A","A","A","A","A","A","A","A","A","A","A","A","A","A","A","A","A","A","A","A"],
  "atom_plddts": [96.53,96.58,97.48,96.13,95.83,96.32,97.3,95.84,95.61,92.65,89.9,89.83,97.74,97.74,97.88,96.8,97.39,95.83,92.9,92.16,97.8,97.67,97.65,96.78,97.0,95.09,93.17,90.64,86.23,97.93,97.48,96.82,93.98,96.12,93.98,92.28,90.31,90.16,87.07,84.94,87.01],
  "contact_probs": [[1.0,1.0,0.96,0.14,0.08],[1.0,1.0,1.0,0.84,0.05],[0.96,1.0,1.0,1.0,0.91],[0.14,0.84,1.0,1.0,1.0],[0.08,0.05,0.91,1.0,1.0]],
  "pae": [[0.8,1.2,1.6,2.0,2.4],[0.9,0.8,1.0,1.4,2.0],[1.4,0.9,0.8,1.0,1.4],[1.7,1.2,1.0,0.8,1.1],[2.1,1.6,1.3,1.1,0.8]],
  "token_chain_ids": ["A","A","A","A","A"],
  "token_res_ids": [1,2,3,4,5]
}