{
  "atom_chain_ids": ["A","A","A","A","A","A","A","A","A","A","A","A","A","A","A","A","A","A","A","A","A","A","A","A","A","A","A","A","A","A","A","A","A","A","A","A","A","A","A","A","A"],
  "atom_plddts": [96.75,96.77,97.62,96.34,95.95,96.34,97.27,95.78,95.61,92.6,89.9,89.82,97.9,97.88,98.02,97.04,97.51,95.85,92.85,92.12,98.03,97.93,97.93,97.23,97.37,95.52,93.57,91.09,86.59,97.75,97.22,96.52,93.63,95.69,93.46,91.76,89.85,89.7,86.57,84.39,86.44],
  "contact_probs": [[1.0,1.0,0.96,0.14,0.08],[1.0,1.0,1.0,0.84,0.05],[0.96,1.0,1.0,1.0,0.91],[0.14,0.84,1.0,1.0,1.0],[0.08,0.05,0.91,1.0,1.0]],
  "pae": [[0.8,1.2,1.6,1.7,2.3],[0.9,0.8,0.9,1.3,1.9],[1.3,0.9,0.8,0.9,1.3],[1.9,1.4,1.1,0.8,1.2],[2.0,1.7,1.4,1.1,0.8]],
  "token_chain_ids": ["A","A","A","A","A"],
  "token_res_ids": [1,2,3,4,5]
}